"id","image","new_image_path"
"6/173","fop/6/frame_173.jpg","fop/frame_E_9257.jpg"
"0/111","fop/0/frame_111.jpg","fop/frame_E_2796.jpg"
"35/177","fop/35/frame_177.jpg","fop/frame_E_3792.jpg"
"27/22","fop/27/frame_22.jpg","fop/frame_E_2228.jpg"
"24/209","fop/24/frame_209.jpg","fop/frame_E_1825.jpg"
"18/155","fop/18/frame_155.jpg","fop/frame_E_3874.jpg"
"35/158","fop/35/frame_158.jpg","fop/frame_E_1012.jpg"
"32/141","fop/32/frame_141.jpg","fop/frame_E_7813.jpg"
"50/51","fop/50/frame_51.jpg","fop/frame_E_5778.jpg"
"46/104","fop/46/frame_104.jpg","fop/frame_E_6171.jpg"
"16/49","fop/16/frame_49.jpg","fop/frame_E_9990.jpg"
"30/249","fop/30/frame_249.jpg","fop/frame_E_3057.jpg"
"35/102","fop/35/frame_102.jpg","fop/frame_E_2185.jpg"
"14/141","fop/14/frame_141.jpg","fop/frame_E_2594.jpg"
"29/257","fop/29/frame_257.jpg","fop/frame_E_7561.jpg"
"42/77","fop/42/frame_77.jpg","fop/frame_E_8325.jpg"
"26/77","fop/26/frame_77.jpg","fop/frame_E_3605.jpg"
"2/229","fop/2/frame_229.jpg","fop/frame_E_6724.jpg"
"47/36","fop/47/frame_36.jpg","fop/frame_E_6706.jpg"
"47/289","fop/47/frame_289.jpg","fop/frame_E_5990.jpg"
"48/247","fop/48/frame_247.jpg","fop/frame_E_3839.jpg"
"10/270","fop/10/frame_270.jpg","fop/frame_E_5119.jpg"
"19/239","fop/19/frame_239.jpg","fop/frame_E_2974.jpg"
"48/90","fop/48/frame_90.jpg","fop/frame_E_8432.jpg"
"4/42","fop/4/frame_42.jpg","fop/frame_E_8378.jpg"
"13/149","fop/13/frame_149.jpg","fop/frame_E_2012.jpg"
"45/13","fop/45/frame_13.jpg","fop/frame_E_1057.jpg"
"15/117","fop/15/frame_117.jpg","fop/frame_E_7998.jpg"
"0/28","fop/0/frame_28.jpg","fop/frame_E_2600.jpg"
"2/231","fop/2/frame_231.jpg","fop/frame_E_7340.jpg"
"25/136","fop/25/frame_136.jpg","fop/frame_E_2676.jpg"
"37/54","fop/37/frame_54.jpg","fop/frame_E_1247.jpg"
"28/105","fop/28/frame_105.jpg","fop/frame_E_7229.jpg"
"49/282","fop/49/frame_282.jpg","fop/frame_E_3362.jpg"
"26/94","fop/26/frame_94.jpg","fop/frame_E_2965.jpg"
"47/18","fop/47/frame_18.jpg","fop/frame_E_1465.jpg"
"38/296","fop/38/frame_296.jpg","fop/frame_E_4397.jpg"
"42/138","fop/42/frame_138.jpg","fop/frame_E_3817.jpg"
"48/170","fop/48/frame_170.jpg","fop/frame_E_6219.jpg"
"18/246","fop/18/frame_246.jpg","fop/frame_E_8267.jpg"
"53/238","fop/53/frame_238.jpg","fop/frame_E_4373.jpg"
"8/227","fop/8/frame_227.jpg","fop/frame_E_5773.jpg"
"40/92","fop/40/frame_92.jpg","fop/frame_E_3747.jpg"
"30/193","fop/30/frame_193.jpg","fop/frame_E_8319.jpg"
"29/202","fop/29/frame_202.jpg","fop/frame_E_4600.jpg"
"30/166","fop/30/frame_166.jpg","fop/frame_E_9241.jpg"
"51/154","fop/51/frame_154.jpg","fop/frame_E_5630.jpg"
"44/125","fop/44/frame_125.jpg","fop/frame_E_2049.jpg"
"38/39","fop/38/frame_39.jpg","fop/frame_E_3576.jpg"
"1/64","fop/1/frame_64.jpg","fop/frame_E_8125.jpg"
"1/187","fop/1/frame_187.jpg","fop/frame_E_2716.jpg"
"46/242","fop/46/frame_242.jpg","fop/frame_E_1381.jpg"
"40/26","fop/40/frame_26.jpg","fop/frame_E_8341.jpg"
"38/149","fop/38/frame_149.jpg","fop/frame_E_3479.jpg"
"15/34","fop/15/frame_34.jpg","fop/frame_E_1468.jpg"
"45/270","fop/45/frame_270.jpg","fop/frame_E_3058.jpg"
"54/297","fop/54/frame_297.jpg","fop/frame_E_6067.jpg"
"2/156","fop/2/frame_156.jpg","fop/frame_E_3992.jpg"
"47/39","fop/47/frame_39.jpg","fop/frame_E_8959.jpg"
"49/72","fop/49/frame_72.jpg","fop/frame_E_1395.jpg"
"15/266","fop/15/frame_266.jpg","fop/frame_E_3174.jpg"
"39/168","fop/39/frame_168.jpg","fop/frame_E_4326.jpg"
"27/39","fop/27/frame_39.jpg","fop/frame_E_2302.jpg"
"21/195","fop/21/frame_195.jpg","fop/frame_E_7504.jpg"
"7/9","fop/7/frame_9.jpg","fop/frame_E_8180.jpg"
"4/210","fop/4/frame_210.jpg","fop/frame_E_7534.jpg"
"52/10","fop/52/frame_10.jpg","fop/frame_E_2510.jpg"
"25/8","fop/25/frame_8.jpg","fop/frame_E_5749.jpg"
"20/298","fop/20/frame_298.jpg","fop/frame_E_3059.jpg"
"52/228","fop/52/frame_228.jpg","fop/frame_E_9085.jpg"
"26/129","fop/26/frame_129.jpg","fop/frame_E_4371.jpg"
"48/87","fop/48/frame_87.jpg","fop/frame_E_8793.jpg"
"36/168","fop/36/frame_168.jpg","fop/frame_E_7772.jpg"
"21/30","fop/21/frame_30.jpg","fop/frame_E_2113.jpg"
"16/62","fop/16/frame_62.jpg","fop/frame_E_8143.jpg"
"53/49","fop/53/frame_49.jpg","fop/frame_E_4755.jpg"
"51/8","fop/51/frame_8.jpg","fop/frame_E_7940.jpg"
"32/42","fop/32/frame_42.jpg","fop/frame_E_7856.jpg"
"32/108","fop/32/frame_108.jpg","fop/frame_E_5272.jpg"
"19/29","fop/19/frame_29.jpg","fop/frame_E_9380.jpg"
"17/105","fop/17/frame_105.jpg","fop/frame_E_1565.jpg"
"19/91","fop/19/frame_91.jpg","fop/frame_E_9549.jpg"
"17/249","fop/17/frame_249.jpg","fop/frame_E_2897.jpg"
"1/279","fop/1/frame_279.jpg","fop/frame_E_4296.jpg"
"51/140","fop/51/frame_140.jpg","fop/frame_E_2260.jpg"
"47/201","fop/47/frame_201.jpg","fop/frame_E_8934.jpg"
"39/17","fop/39/frame_17.jpg","fop/frame_E_4284.jpg"
"2/117","fop/2/frame_117.jpg","fop/frame_E_7332.jpg"
"1/288","fop/1/frame_288.jpg","fop/frame_E_6669.jpg"
"18/104","fop/18/frame_104.jpg","fop/frame_E_2994.jpg"
"10/153","fop/10/frame_153.jpg","fop/frame_E_5661.jpg"
"45/218","fop/45/frame_218.jpg","fop/frame_E_9683.jpg"
"20/148","fop/20/frame_148.jpg","fop/frame_E_8709.jpg"
"30/247","fop/30/frame_247.jpg","fop/frame_E_4842.jpg"
"26/59","fop/26/frame_59.jpg","fop/frame_E_3696.jpg"
"27/77","fop/27/frame_77.jpg","fop/frame_E_9479.jpg"
"10/88","fop/10/frame_88.jpg","fop/frame_E_6916.jpg"
"8/234","fop/8/frame_234.jpg","fop/frame_E_7427.jpg"
"22/133","fop/22/frame_133.jpg","fop/frame_E_5675.jpg"
"2/255","fop/2/frame_255.jpg","fop/frame_E_1323.jpg"
"2/95","fop/2/frame_95.jpg","fop/frame_E_1596.jpg"
"22/182","fop/22/frame_182.jpg","fop/frame_E_3116.jpg"
"27/137","fop/27/frame_137.jpg","fop/frame_E_3102.jpg"
"19/210","fop/19/frame_210.jpg","fop/frame_E_1934.jpg"
"40/282","fop/40/frame_282.jpg","fop/frame_E_7365.jpg"
"49/119","fop/49/frame_119.jpg","fop/frame_E_5989.jpg"
"49/298","fop/49/frame_298.jpg","fop/frame_E_2938.jpg"
"51/169","fop/51/frame_169.jpg","fop/frame_E_4715.jpg"
"33/277","fop/33/frame_277.jpg","fop/frame_E_5046.jpg"
"14/217","fop/14/frame_217.jpg","fop/frame_E_3947.jpg"
"46/246","fop/46/frame_246.jpg","fop/frame_E_1987.jpg"
"46/68","fop/46/frame_68.jpg","fop/frame_E_7762.jpg"
"48/141","fop/48/frame_141.jpg","fop/frame_E_8306.jpg"
"22/254","fop/22/frame_254.jpg","fop/frame_E_3109.jpg"
"33/74","fop/33/frame_74.jpg","fop/frame_E_6736.jpg"
"12/235","fop/12/frame_235.jpg","fop/frame_E_3494.jpg"
"52/130","fop/52/frame_130.jpg","fop/frame_E_9472.jpg"
"40/174","fop/40/frame_174.jpg","fop/frame_E_7752.jpg"
"40/72","fop/40/frame_72.jpg","fop/frame_E_1634.jpg"
"3/59","fop/3/frame_59.jpg","fop/frame_E_4326.jpg"
"22/147","fop/22/frame_147.jpg","fop/frame_E_2332.jpg"
"35/202","fop/35/frame_202.jpg","fop/frame_E_5025.jpg"
"36/216","fop/36/frame_216.jpg","fop/frame_E_7145.jpg"
"24/141","fop/24/frame_141.jpg","fop/frame_E_9286.jpg"
"49/49","fop/49/frame_49.jpg","fop/frame_E_8041.jpg"
"30/188","fop/30/frame_188.jpg","fop/frame_E_7831.jpg"
"39/20","fop/39/frame_20.jpg","fop/frame_E_7673.jpg"
"49/149","fop/49/frame_149.jpg","fop/frame_E_1865.jpg"
"51/220","fop/51/frame_220.jpg","fop/frame_E_6460.jpg"
"22/155","fop/22/frame_155.jpg","fop/frame_E_6728.jpg"
"42/70","fop/42/frame_70.jpg","fop/frame_E_2218.jpg"
"8/297","fop/8/frame_297.jpg","fop/frame_E_4186.jpg"
"49/213","fop/49/frame_213.jpg","fop/frame_E_2366.jpg"
"48/99","fop/48/frame_99.jpg","fop/frame_E_7278.jpg"
"12/91","fop/12/frame_91.jpg","fop/frame_E_8469.jpg"
"33/209","fop/33/frame_209.jpg","fop/frame_E_8086.jpg"
"46/111","fop/46/frame_111.jpg","fop/frame_E_9521.jpg"
"15/179","fop/15/frame_179.jpg","fop/frame_E_5295.jpg"
"13/89","fop/13/frame_89.jpg","fop/frame_E_4213.jpg"
"25/129","fop/25/frame_129.jpg","fop/frame_E_5861.jpg"
"19/199","fop/19/frame_199.jpg","fop/frame_E_7182.jpg"
"50/56","fop/50/frame_56.jpg","fop/frame_E_5644.jpg"
"25/156","fop/25/frame_156.jpg","fop/frame_E_7541.jpg"
"28/273","fop/28/frame_273.jpg","fop/frame_E_8230.jpg"
"44/89","fop/44/frame_89.jpg","fop/frame_E_1163.jpg"
"13/277","fop/13/frame_277.jpg","fop/frame_E_6321.jpg"
"35/298","fop/35/frame_298.jpg","fop/frame_E_3320.jpg"
"3/284","fop/3/frame_284.jpg","fop/frame_E_5104.jpg"
"12/151","fop/12/frame_151.jpg","fop/frame_E_1300.jpg"
"40/25","fop/40/frame_25.jpg","fop/frame_E_9762.jpg"
"19/283","fop/19/frame_283.jpg","fop/frame_E_3664.jpg"
"3/25","fop/3/frame_25.jpg","fop/frame_E_5200.jpg"
"25/152","fop/25/frame_152.jpg","fop/frame_E_3612.jpg"
"53/136","fop/53/frame_136.jpg","fop/frame_E_1673.jpg"
"33/44","fop/33/frame_44.jpg","fop/frame_E_3394.jpg"
"24/208","fop/24/frame_208.jpg","fop/frame_E_8985.jpg"
"2/164","fop/2/frame_164.jpg","fop/frame_E_1638.jpg"
"39/258","fop/39/frame_258.jpg","fop/frame_E_9762.jpg"
"10/227","fop/10/frame_227.jpg","fop/frame_E_5465.jpg"
"25/44","fop/25/frame_44.jpg","fop/frame_E_1505.jpg"
"24/194","fop/24/frame_194.jpg","fop/frame_E_9280.jpg"
"46/83","fop/46/frame_83.jpg","fop/frame_E_9383.jpg"
"49/299","fop/49/frame_299.jpg","fop/frame_E_2829.jpg"
"36/99","fop/36/frame_99.jpg","fop/frame_E_9816.jpg"
"50/122","fop/50/frame_122.jpg","fop/frame_E_6886.jpg"
"10/47","fop/10/frame_47.jpg","fop/frame_E_3197.jpg"
"33/234","fop/33/frame_234.jpg","fop/frame_E_2881.jpg"
"40/269","fop/40/frame_269.jpg","fop/frame_E_1515.jpg"
"10/61","fop/10/frame_61.jpg","fop/frame_E_1009.jpg"
"28/132","fop/28/frame_132.jpg","fop/frame_E_9820.jpg"
"42/103","fop/42/frame_103.jpg","fop/frame_E_1843.jpg"
"12/218","fop/12/frame_218.jpg","fop/frame_E_1253.jpg"
"51/138","fop/51/frame_138.jpg","fop/frame_E_3501.jpg"
"42/81","fop/42/frame_81.jpg","fop/frame_E_4025.jpg"
"52/5","fop/52/frame_5.jpg","fop/frame_E_8855.jpg"
"30/288","fop/30/frame_288.jpg","fop/frame_E_5747.jpg"
"3/113","fop/3/frame_113.jpg","fop/frame_E_2236.jpg"
"45/171","fop/45/frame_171.jpg","fop/frame_E_6839.jpg"
"22/258","fop/22/frame_258.jpg","fop/frame_E_9911.jpg"
"3/128","fop/3/frame_128.jpg","fop/frame_E_8429.jpg"
"29/142","fop/29/frame_142.jpg","fop/frame_E_4640.jpg"
"40/255","fop/40/frame_255.jpg","fop/frame_E_8425.jpg"
"49/201","fop/49/frame_201.jpg","fop/frame_E_2563.jpg"
"45/118","fop/45/frame_118.jpg","fop/frame_E_7816.jpg"
"12/71","fop/12/frame_71.jpg","fop/frame_E_1481.jpg"
"53/179","fop/53/frame_179.jpg","fop/frame_E_8096.jpg"
"29/179","fop/29/frame_179.jpg","fop/frame_E_5088.jpg"
"32/115","fop/32/frame_115.jpg","fop/frame_E_7924.jpg"
"49/160","fop/49/frame_160.jpg","fop/frame_E_4945.jpg"
"0/83","fop/0/frame_83.jpg","fop/frame_E_7087.jpg"
"9/0","fop/9/frame_0.jpg","fop/frame_E_7149.jpg"
"13/58","fop/13/frame_58.jpg","fop/frame_E_2037.jpg"
"53/3","fop/53/frame_3.jpg","fop/frame_E_2231.jpg"
"46/237","fop/46/frame_237.jpg","fop/frame_E_2789.jpg"
"46/140","fop/46/frame_140.jpg","fop/frame_E_4119.jpg"
"16/106","fop/16/frame_106.jpg","fop/frame_E_6032.jpg"
"0/130","fop/0/frame_130.jpg","fop/frame_E_6858.jpg"
"47/261","fop/47/frame_261.jpg","fop/frame_E_1544.jpg"
"39/83","fop/39/frame_83.jpg","fop/frame_E_2553.jpg"
"46/139","fop/46/frame_139.jpg","fop/frame_E_6643.jpg"
"8/19","fop/8/frame_19.jpg","fop/frame_E_6905.jpg"
"35/53","fop/35/frame_53.jpg","fop/frame_E_1154.jpg"
"14/29","fop/14/frame_29.jpg","fop/frame_E_2182.jpg"
"42/230","fop/42/frame_230.jpg","fop/frame_E_6597.jpg"
"32/295","fop/32/frame_295.jpg","fop/frame_E_4297.jpg"
"34/185","fop/34/frame_185.jpg","fop/frame_E_8900.jpg"
"15/288","fop/15/frame_288.jpg","fop/frame_E_1695.jpg"
"33/104","fop/33/frame_104.jpg","fop/frame_E_8668.jpg"
"33/228","fop/33/frame_228.jpg","fop/frame_E_6701.jpg"
"44/260","fop/44/frame_260.jpg","fop/frame_E_8545.jpg"
"35/31","fop/35/frame_31.jpg","fop/frame_E_8735.jpg"
"35/126","fop/35/frame_126.jpg","fop/frame_E_7175.jpg"
"33/100","fop/33/frame_100.jpg","fop/frame_E_4054.jpg"
"23/93","fop/23/frame_93.jpg","fop/frame_E_9152.jpg"
"34/106","fop/34/frame_106.jpg","fop/frame_E_9899.jpg"
"34/126","fop/34/frame_126.jpg","fop/frame_E_6456.jpg"
"13/224","fop/13/frame_224.jpg","fop/frame_E_4284.jpg"
"53/283","fop/53/frame_283.jpg","fop/frame_E_3072.jpg"
"20/3","fop/20/frame_3.jpg","fop/frame_E_1055.jpg"
"17/70","fop/17/frame_70.jpg","fop/frame_E_6099.jpg"
"35/186","fop/35/frame_186.jpg","fop/frame_E_7674.jpg"
"14/122","fop/14/frame_122.jpg","fop/frame_E_3857.jpg"
"20/65","fop/20/frame_65.jpg","fop/frame_E_6724.jpg"
"46/209","fop/46/frame_209.jpg","fop/frame_E_2756.jpg"
"4/188","fop/4/frame_188.jpg","fop/frame_E_7051.jpg"
"23/152","fop/23/frame_152.jpg","fop/frame_E_4062.jpg"
"52/233","fop/52/frame_233.jpg","fop/frame_E_6860.jpg"
"33/1","fop/33/frame_1.jpg","fop/frame_E_8828.jpg"
"23/22","fop/23/frame_22.jpg","fop/frame_E_2231.jpg"
"0/54","fop/0/frame_54.jpg","fop/frame_E_4576.jpg"
"0/192","fop/0/frame_192.jpg","fop/frame_E_6881.jpg"
"0/299","fop/0/frame_299.jpg","fop/frame_E_4465.jpg"
"8/1","fop/8/frame_1.jpg","fop/frame_E_6879.jpg"
"44/88","fop/44/frame_88.jpg","fop/frame_E_4702.jpg"
"49/132","fop/49/frame_132.jpg","fop/frame_E_5214.jpg"
"10/147","fop/10/frame_147.jpg","fop/frame_E_4035.jpg"
"42/109","fop/42/frame_109.jpg","fop/frame_E_7883.jpg"
"44/128","fop/44/frame_128.jpg","fop/frame_E_7863.jpg"
"49/5","fop/49/frame_5.jpg","fop/frame_E_5602.jpg"
"9/23","fop/9/frame_23.jpg","fop/frame_E_2577.jpg"
"0/287","fop/0/frame_287.jpg","fop/frame_E_4858.jpg"
"39/137","fop/39/frame_137.jpg","fop/frame_E_1775.jpg"
"40/69","fop/40/frame_69.jpg","fop/frame_E_8941.jpg"
"3/192","fop/3/frame_192.jpg","fop/frame_E_8390.jpg"
"4/152","fop/4/frame_152.jpg","fop/frame_E_8165.jpg"
"21/25","fop/21/frame_25.jpg","fop/frame_E_8114.jpg"
"7/56","fop/7/frame_56.jpg","fop/frame_E_7914.jpg"
"54/161","fop/54/frame_161.jpg","fop/frame_E_5370.jpg"
"17/79","fop/17/frame_79.jpg","fop/frame_E_6211.jpg"
"28/299","fop/28/frame_299.jpg","fop/frame_E_8437.jpg"
"27/14","fop/27/frame_14.jpg","fop/frame_E_2710.jpg"
"21/101","fop/21/frame_101.jpg","fop/frame_E_3798.jpg"
"40/184","fop/40/frame_184.jpg","fop/frame_E_9996.jpg"
"30/250","fop/30/frame_250.jpg","fop/frame_E_8673.jpg"
"17/201","fop/17/frame_201.jpg","fop/frame_E_4939.jpg"
"44/206","fop/44/frame_206.jpg","fop/frame_E_2408.jpg"
"15/93","fop/15/frame_93.jpg","fop/frame_E_7235.jpg"
"35/106","fop/35/frame_106.jpg","fop/frame_E_1807.jpg"
"23/296","fop/23/frame_296.jpg","fop/frame_E_6834.jpg"
"44/62","fop/44/frame_62.jpg","fop/frame_E_4749.jpg"
"1/265","fop/1/frame_265.jpg","fop/frame_E_4302.jpg"
"37/177","fop/37/frame_177.jpg","fop/frame_E_4946.jpg"
"16/283","fop/16/frame_283.jpg","fop/frame_E_8124.jpg"
"10/211","fop/10/frame_211.jpg","fop/frame_E_5851.jpg"
"22/290","fop/22/frame_290.jpg","fop/frame_E_7578.jpg"
"49/171","fop/49/frame_171.jpg","fop/frame_E_4546.jpg"
"2/293","fop/2/frame_293.jpg","fop/frame_E_8853.jpg"
"52/223","fop/52/frame_223.jpg","fop/frame_E_4120.jpg"
"45/138","fop/45/frame_138.jpg","fop/frame_E_6585.jpg"
"21/154","fop/21/frame_154.jpg","fop/frame_E_4625.jpg"
"2/202","fop/2/frame_202.jpg","fop/frame_E_5949.jpg"
"8/86","fop/8/frame_86.jpg","fop/frame_E_7205.jpg"
"9/37","fop/9/frame_37.jpg","fop/frame_E_7353.jpg"
"18/51","fop/18/frame_51.jpg","fop/frame_E_2504.jpg"
"45/214","fop/45/frame_214.jpg","fop/frame_E_1205.jpg"
"19/259","fop/19/frame_259.jpg","fop/frame_E_6999.jpg"
"6/110","fop/6/frame_110.jpg","fop/frame_E_4766.jpg"
"13/21","fop/13/frame_21.jpg","fop/frame_E_1705.jpg"
"14/207","fop/14/frame_207.jpg","fop/frame_E_4281.jpg"
"0/88","fop/0/frame_88.jpg","fop/frame_E_4995.jpg"
"21/191","fop/21/frame_191.jpg","fop/frame_E_4566.jpg"
"6/24","fop/6/frame_24.jpg","fop/frame_E_6439.jpg"
"32/133","fop/32/frame_133.jpg","fop/frame_E_2422.jpg"
"26/42","fop/26/frame_42.jpg","fop/frame_E_9227.jpg"
"26/69","fop/26/frame_69.jpg","fop/frame_E_4635.jpg"
"1/170","fop/1/frame_170.jpg","fop/frame_E_6835.jpg"
"8/88","fop/8/frame_88.jpg","fop/frame_E_1291.jpg"
"13/288","fop/13/frame_288.jpg","fop/frame_E_8385.jpg"
"0/55","fop/0/frame_55.jpg","fop/frame_E_2787.jpg"
"9/41","fop/9/frame_41.jpg","fop/frame_E_9146.jpg"
"28/166","fop/28/frame_166.jpg","fop/frame_E_9974.jpg"
"0/89","fop/0/frame_89.jpg","fop/frame_E_4228.jpg"
"51/187","fop/51/frame_187.jpg","fop/frame_E_5132.jpg"
"52/291","fop/52/frame_291.jpg","fop/frame_E_5856.jpg"
"0/217","fop/0/frame_217.jpg","fop/frame_E_5922.jpg"
"20/241","fop/20/frame_241.jpg","fop/frame_E_1807.jpg"
"45/158","fop/45/frame_158.jpg","fop/frame_E_3176.jpg"
"10/169","fop/10/frame_169.jpg","fop/frame_E_2659.jpg"
"19/116","fop/19/frame_116.jpg","fop/frame_E_8982.jpg"
"20/111","fop/20/frame_111.jpg","fop/frame_E_2850.jpg"
"1/61","fop/1/frame_61.jpg","fop/frame_E_4849.jpg"
"24/159","fop/24/frame_159.jpg","fop/frame_E_2309.jpg"
"54/6","fop/54/frame_6.jpg","fop/frame_E_9319.jpg"
"47/244","fop/47/frame_244.jpg","fop/frame_E_2024.jpg"
"24/72","fop/24/frame_72.jpg","fop/frame_E_6775.jpg"
"3/217","fop/3/frame_217.jpg","fop/frame_E_9624.jpg"
"21/43","fop/21/frame_43.jpg","fop/frame_E_2308.jpg"
"7/46","fop/7/frame_46.jpg","fop/frame_E_2024.jpg"
"30/119","fop/30/frame_119.jpg","fop/frame_E_2929.jpg"
"0/194","fop/0/frame_194.jpg","fop/frame_E_3689.jpg"
"25/90","fop/25/frame_90.jpg","fop/frame_E_4230.jpg"
"32/150","fop/32/frame_150.jpg","fop/frame_E_2008.jpg"
"54/198","fop/54/frame_198.jpg","fop/frame_E_2770.jpg"
"45/51","fop/45/frame_51.jpg","fop/frame_E_7223.jpg"
"16/124","fop/16/frame_124.jpg","fop/frame_E_7499.jpg"
"0/247","fop/0/frame_247.jpg","fop/frame_E_8064.jpg"
"42/61","fop/42/frame_61.jpg","fop/frame_E_2491.jpg"
"3/1","fop/3/frame_1.jpg","fop/frame_E_7436.jpg"
"34/18","fop/34/frame_18.jpg","fop/frame_E_4595.jpg"
"1/8","fop/1/frame_8.jpg","fop/frame_E_3203.jpg"
"27/147","fop/27/frame_147.jpg","fop/frame_E_2183.jpg"
"30/245","fop/30/frame_245.jpg","fop/frame_E_1571.jpg"
"9/56","fop/9/frame_56.jpg","fop/frame_E_4405.jpg"
"19/21","fop/19/frame_21.jpg","fop/frame_E_9671.jpg"
"10/217","fop/10/frame_217.jpg","fop/frame_E_5039.jpg"
"37/210","fop/37/frame_210.jpg","fop/frame_E_6413.jpg"
"32/33","fop/32/frame_33.jpg","fop/frame_E_2467.jpg"
"7/128","fop/7/frame_128.jpg","fop/frame_E_9112.jpg"
"47/144","fop/47/frame_144.jpg","fop/frame_E_8224.jpg"
"51/39","fop/51/frame_39.jpg","fop/frame_E_4497.jpg"
"18/32","fop/18/frame_32.jpg","fop/frame_E_6041.jpg"
"17/49","fop/17/frame_49.jpg","fop/frame_E_2871.jpg"
"34/21","fop/34/frame_21.jpg","fop/frame_E_4472.jpg"
"52/262","fop/52/frame_262.jpg","fop/frame_E_8738.jpg"
"22/62","fop/22/frame_62.jpg","fop/frame_E_8423.jpg"
"23/204","fop/23/frame_204.jpg","fop/frame_E_3538.jpg"
"45/84","fop/45/frame_84.jpg","fop/frame_E_1582.jpg"
"49/92","fop/49/frame_92.jpg","fop/frame_E_1893.jpg"
"14/63","fop/14/frame_63.jpg","fop/frame_E_4797.jpg"
"12/9","fop/12/frame_9.jpg","fop/frame_E_8220.jpg"
"27/153","fop/27/frame_153.jpg","fop/frame_E_3970.jpg"
"2/108","fop/2/frame_108.jpg","fop/frame_E_2681.jpg"
"30/169","fop/30/frame_169.jpg","fop/frame_E_4187.jpg"
"45/154","fop/45/frame_154.jpg","fop/frame_E_4735.jpg"
"3/85","fop/3/frame_85.jpg","fop/frame_E_8921.jpg"
"27/258","fop/27/frame_258.jpg","fop/frame_E_8893.jpg"
"14/88","fop/14/frame_88.jpg","fop/frame_E_4490.jpg"
"36/292","fop/36/frame_292.jpg","fop/frame_E_2945.jpg"
"23/197","fop/23/frame_197.jpg","fop/frame_E_7872.jpg"
"12/123","fop/12/frame_123.jpg","fop/frame_E_4777.jpg"
"42/131","fop/42/frame_131.jpg","fop/frame_E_6125.jpg"
"39/36","fop/39/frame_36.jpg","fop/frame_E_3023.jpg"
"12/232","fop/12/frame_232.jpg","fop/frame_E_1934.jpg"
"18/208","fop/18/frame_208.jpg","fop/frame_E_8330.jpg"
"20/34","fop/20/frame_34.jpg","fop/frame_E_5317.jpg"
"54/142","fop/54/frame_142.jpg","fop/frame_E_8233.jpg"
"29/174","fop/29/frame_174.jpg","fop/frame_E_9363.jpg"
"51/116","fop/51/frame_116.jpg","fop/frame_E_1784.jpg"
"15/238","fop/15/frame_238.jpg","fop/frame_E_3329.jpg"
"9/17","fop/9/frame_17.jpg","fop/frame_E_2439.jpg"
"7/43","fop/7/frame_43.jpg","fop/frame_E_2994.jpg"
"54/126","fop/54/frame_126.jpg","fop/frame_E_8025.jpg"
"2/56","fop/2/frame_56.jpg","fop/frame_E_8338.jpg"
"13/230","fop/13/frame_230.jpg","fop/frame_E_8211.jpg"
"19/84","fop/19/frame_84.jpg","fop/frame_E_9044.jpg"
"25/81","fop/25/frame_81.jpg","fop/frame_E_9575.jpg"
"44/163","fop/44/frame_163.jpg","fop/frame_E_9111.jpg"
"6/55","fop/6/frame_55.jpg","fop/frame_E_5145.jpg"
"54/28","fop/54/frame_28.jpg","fop/frame_E_8288.jpg"
"21/272","fop/21/frame_272.jpg","fop/frame_E_5878.jpg"
"45/263","fop/45/frame_263.jpg","fop/frame_E_7832.jpg"
"40/8","fop/40/frame_8.jpg","fop/frame_E_8063.jpg"
"44/18","fop/44/frame_18.jpg","fop/frame_E_8960.jpg"
"30/144","fop/30/frame_144.jpg","fop/frame_E_2742.jpg"
"42/93","fop/42/frame_93.jpg","fop/frame_E_4208.jpg"
"3/82","fop/3/frame_82.jpg","fop/frame_E_1311.jpg"
"17/122","fop/17/frame_122.jpg","fop/frame_E_7194.jpg"
"29/231","fop/29/frame_231.jpg","fop/frame_E_2715.jpg"
"23/43","fop/23/frame_43.jpg","fop/frame_E_3659.jpg"
"54/116","fop/54/frame_116.jpg","fop/frame_E_8974.jpg"
"12/239","fop/12/frame_239.jpg","fop/frame_E_3967.jpg"
"0/207","fop/0/frame_207.jpg","fop/frame_E_9448.jpg"
"42/227","fop/42/frame_227.jpg","fop/frame_E_6905.jpg"
"24/40","fop/24/frame_40.jpg","fop/frame_E_5600.jpg"
"14/91","fop/14/frame_91.jpg","fop/frame_E_6044.jpg"
"49/215","fop/49/frame_215.jpg","fop/frame_E_1490.jpg"
"0/49","fop/0/frame_49.jpg","fop/frame_E_9106.jpg"
"42/194","fop/42/frame_194.jpg","fop/frame_E_6194.jpg"
"8/55","fop/8/frame_55.jpg","fop/frame_E_9728.jpg"
"23/123","fop/23/frame_123.jpg","fop/frame_E_8857.jpg"
"47/184","fop/47/frame_184.jpg","fop/frame_E_5332.jpg"
"34/103","fop/34/frame_103.jpg","fop/frame_E_9926.jpg"
"14/241","fop/14/frame_241.jpg","fop/frame_E_2943.jpg"
"21/161","fop/21/frame_161.jpg","fop/frame_E_4932.jpg"
"40/192","fop/40/frame_192.jpg","fop/frame_E_5966.jpg"
"38/94","fop/38/frame_94.jpg","fop/frame_E_7311.jpg"
"38/19","fop/38/frame_19.jpg","fop/frame_E_2238.jpg"
"21/179","fop/21/frame_179.jpg","fop/frame_E_3696.jpg"
"54/238","fop/54/frame_238.jpg","fop/frame_E_5837.jpg"
"30/260","fop/30/frame_260.jpg","fop/frame_E_1875.jpg"
"6/166","fop/6/frame_166.jpg","fop/frame_E_8671.jpg"
"15/227","fop/15/frame_227.jpg","fop/frame_E_6707.jpg"
"6/53","fop/6/frame_53.jpg","fop/frame_E_3855.jpg"
"19/36","fop/19/frame_36.jpg","fop/frame_E_4418.jpg"
"51/278","fop/51/frame_278.jpg","fop/frame_E_1042.jpg"
"6/34","fop/6/frame_34.jpg","fop/frame_E_5162.jpg"
"16/227","fop/16/frame_227.jpg","fop/frame_E_9249.jpg"
"16/223","fop/16/frame_223.jpg","fop/frame_E_8505.jpg"
"18/141","fop/18/frame_141.jpg","fop/frame_E_1979.jpg"
"3/297","fop/3/frame_297.jpg","fop/frame_E_3809.jpg"
"50/85","fop/50/frame_85.jpg","fop/frame_E_1586.jpg"
"45/43","fop/45/frame_43.jpg","fop/frame_E_7843.jpg"
"26/138","fop/26/frame_138.jpg","fop/frame_E_7326.jpg"
"28/286","fop/28/frame_286.jpg","fop/frame_E_1899.jpg"
"39/284","fop/39/frame_284.jpg","fop/frame_E_4390.jpg"
"16/255","fop/16/frame_255.jpg","fop/frame_E_6384.jpg"
"32/142","fop/32/frame_142.jpg","fop/frame_E_6743.jpg"
"2/39","fop/2/frame_39.jpg","fop/frame_E_9155.jpg"
"13/119","fop/13/frame_119.jpg","fop/frame_E_7722.jpg"
"36/287","fop/36/frame_287.jpg","fop/frame_E_6654.jpg"
"19/176","fop/19/frame_176.jpg","fop/frame_E_1844.jpg"
"16/126","fop/16/frame_126.jpg","fop/frame_E_6602.jpg"
"13/15","fop/13/frame_15.jpg","fop/frame_E_4457.jpg"
"48/248","fop/48/frame_248.jpg","fop/frame_E_8120.jpg"
"1/193","fop/1/frame_193.jpg","fop/frame_E_4469.jpg"
"27/175","fop/27/frame_175.jpg","fop/frame_E_8861.jpg"
"34/278","fop/34/frame_278.jpg","fop/frame_E_4984.jpg"
"49/101","fop/49/frame_101.jpg","fop/frame_E_9085.jpg"
"18/21","fop/18/frame_21.jpg","fop/frame_E_3245.jpg"
"37/51","fop/37/frame_51.jpg","fop/frame_E_4197.jpg"
"42/145","fop/42/frame_145.jpg","fop/frame_E_2061.jpg"
"48/151","fop/48/frame_151.jpg","fop/frame_E_2709.jpg"
"35/84","fop/35/frame_84.jpg","fop/frame_E_6007.jpg"
"47/230","fop/47/frame_230.jpg","fop/frame_E_7313.jpg"
"23/96","fop/23/frame_96.jpg","fop/frame_E_3178.jpg"
"17/121","fop/17/frame_121.jpg","fop/frame_E_2607.jpg"
"16/140","fop/16/frame_140.jpg","fop/frame_E_4554.jpg"
"3/71","fop/3/frame_71.jpg","fop/frame_E_4837.jpg"
"22/275","fop/22/frame_275.jpg","fop/frame_E_5698.jpg"
"54/111","fop/54/frame_111.jpg","fop/frame_E_4631.jpg"
"24/33","fop/24/frame_33.jpg","fop/frame_E_5717.jpg"
"4/248","fop/4/frame_248.jpg","fop/frame_E_2373.jpg"
"20/137","fop/20/frame_137.jpg","fop/frame_E_3013.jpg"
"44/172","fop/44/frame_172.jpg","fop/frame_E_7436.jpg"
"38/200","fop/38/frame_200.jpg","fop/frame_E_3963.jpg"
"26/23","fop/26/frame_23.jpg","fop/frame_E_3477.jpg"
"20/228","fop/20/frame_228.jpg","fop/frame_E_8959.jpg"
"53/52","fop/53/frame_52.jpg","fop/frame_E_3552.jpg"
"10/111","fop/10/frame_111.jpg","fop/frame_E_5587.jpg"
"27/271","fop/27/frame_271.jpg","fop/frame_E_5947.jpg"
"36/72","fop/36/frame_72.jpg","fop/frame_E_8920.jpg"
"51/26","fop/51/frame_26.jpg","fop/frame_E_3030.jpg"
"53/155","fop/53/frame_155.jpg","fop/frame_E_4016.jpg"
"8/89","fop/8/frame_89.jpg","fop/frame_E_6543.jpg"
"22/51","fop/22/frame_51.jpg","fop/frame_E_9986.jpg"
"53/213","fop/53/frame_213.jpg","fop/frame_E_5247.jpg"
"32/292","fop/32/frame_292.jpg","fop/frame_E_1503.jpg"
"32/114","fop/32/frame_114.jpg","fop/frame_E_5113.jpg"
"45/82","fop/45/frame_82.jpg","fop/frame_E_3890.jpg"
"18/198","fop/18/frame_198.jpg","fop/frame_E_1643.jpg"
"33/211","fop/33/frame_211.jpg","fop/frame_E_3114.jpg"
"8/99","fop/8/frame_99.jpg","fop/frame_E_2331.jpg"
"14/98","fop/14/frame_98.jpg","fop/frame_E_8882.jpg"
"46/73","fop/46/frame_73.jpg","fop/frame_E_6613.jpg"
"25/132","fop/25/frame_132.jpg","fop/frame_E_4148.jpg"
"49/197","fop/49/frame_197.jpg","fop/frame_E_8288.jpg"
"46/106","fop/46/frame_106.jpg","fop/frame_E_5444.jpg"
"17/292","fop/17/frame_292.jpg","fop/frame_E_9182.jpg"
"38/119","fop/38/frame_119.jpg","fop/frame_E_1484.jpg"
"18/287","fop/18/frame_287.jpg","fop/frame_E_9504.jpg"
"29/193","fop/29/frame_193.jpg","fop/frame_E_3154.jpg"
"22/203","fop/22/frame_203.jpg","fop/frame_E_9056.jpg"
"45/86","fop/45/frame_86.jpg","fop/frame_E_8387.jpg"
"25/112","fop/25/frame_112.jpg","fop/frame_E_4671.jpg"
"21/217","fop/21/frame_217.jpg","fop/frame_E_7248.jpg"
"28/72","fop/28/frame_72.jpg","fop/frame_E_6141.jpg"
"47/296","fop/47/frame_296.jpg","fop/frame_E_2329.jpg"
"48/232","fop/48/frame_232.jpg","fop/frame_E_4282.jpg"
"15/210","fop/15/frame_210.jpg","fop/frame_E_2648.jpg"
"8/199","fop/8/frame_199.jpg","fop/frame_E_9876.jpg"
"12/18","fop/12/frame_18.jpg","fop/frame_E_1204.jpg"
"45/229","fop/45/frame_229.jpg","fop/frame_E_6226.jpg"
"3/11","fop/3/frame_11.jpg","fop/frame_E_4484.jpg"
"19/218","fop/19/frame_218.jpg","fop/frame_E_7180.jpg"
"51/173","fop/51/frame_173.jpg","fop/frame_E_9245.jpg"
"8/101","fop/8/frame_101.jpg","fop/frame_E_6474.jpg"
"51/296","fop/51/frame_296.jpg","fop/frame_E_3078.jpg"
"30/59","fop/30/frame_59.jpg","fop/frame_E_2984.jpg"
"19/280","fop/19/frame_280.jpg","fop/frame_E_9937.jpg"
"47/133","fop/47/frame_133.jpg","fop/frame_E_9187.jpg"
"40/151","fop/40/frame_151.jpg","fop/frame_E_8225.jpg"
"32/275","fop/32/frame_275.jpg","fop/frame_E_3763.jpg"
"26/31","fop/26/frame_31.jpg","fop/frame_E_3834.jpg"
"33/45","fop/33/frame_45.jpg","fop/frame_E_5755.jpg"
"44/75","fop/44/frame_75.jpg","fop/frame_E_9435.jpg"
"40/210","fop/40/frame_210.jpg","fop/frame_E_8436.jpg"
"0/169","fop/0/frame_169.jpg","fop/frame_E_7179.jpg"
"12/58","fop/12/frame_58.jpg","fop/frame_E_7176.jpg"
"32/252","fop/32/frame_252.jpg","fop/frame_E_5498.jpg"
"9/157","fop/9/frame_157.jpg","fop/frame_E_9020.jpg"
"27/97","fop/27/frame_97.jpg","fop/frame_E_2048.jpg"
"10/17","fop/10/frame_17.jpg","fop/frame_E_7737.jpg"
"14/16","fop/14/frame_16.jpg","fop/frame_E_6854.jpg"
"29/78","fop/29/frame_78.jpg","fop/frame_E_8862.jpg"
"0/277","fop/0/frame_277.jpg","fop/frame_E_7055.jpg"
"12/265","fop/12/frame_265.jpg","fop/frame_E_8591.jpg"
"2/86","fop/2/frame_86.jpg","fop/frame_E_5536.jpg"
"23/218","fop/23/frame_218.jpg","fop/frame_E_6600.jpg"
"20/55","fop/20/frame_55.jpg","fop/frame_E_2766.jpg"
"29/214","fop/29/frame_214.jpg","fop/frame_E_8313.jpg"
"0/180","fop/0/frame_180.jpg","fop/frame_E_9785.jpg"
"54/281","fop/54/frame_281.jpg","fop/frame_E_9890.jpg"
"20/220","fop/20/frame_220.jpg","fop/frame_E_2269.jpg"
"36/229","fop/36/frame_229.jpg","fop/frame_E_1364.jpg"
"28/268","fop/28/frame_268.jpg","fop/frame_E_3359.jpg"
"24/172","fop/24/frame_172.jpg","fop/frame_E_4820.jpg"
"45/288","fop/45/frame_288.jpg","fop/frame_E_1732.jpg"
"44/223","fop/44/frame_223.jpg","fop/frame_E_6229.jpg"
"20/233","fop/20/frame_233.jpg","fop/frame_E_9556.jpg"
"36/120","fop/36/frame_120.jpg","fop/frame_E_7789.jpg"
"0/259","fop/0/frame_259.jpg","fop/frame_E_1135.jpg"
"35/226","fop/35/frame_226.jpg","fop/frame_E_8997.jpg"
"40/60","fop/40/frame_60.jpg","fop/frame_E_9198.jpg"
"2/43","fop/2/frame_43.jpg","fop/frame_E_2109.jpg"
"4/90","fop/4/frame_90.jpg","fop/frame_E_6530.jpg"
"26/150","fop/26/frame_150.jpg","fop/frame_E_2081.jpg"
"26/130","fop/26/frame_130.jpg","fop/frame_E_6345.jpg"
"45/18","fop/45/frame_18.jpg","fop/frame_E_6403.jpg"
"30/138","fop/30/frame_138.jpg","fop/frame_E_1928.jpg"
"34/7","fop/34/frame_7.jpg","fop/frame_E_4054.jpg"
